"TDate","Nat","Name","InOut","ClubFrom","DivFrom","ClubTo","DivTo","Amount","ClubFromID","ClubToID","Year_F","date","month","player_id","name","teamName","age","positionText","apps","subOn","minsPlayed","manOfTheMatch","yellowCard","redCard","rating","goal","assistTotal","shotsPerGame","keyPassPerGame","dribbleWonPerGame","foulGivenPerGame","offsideGivenPerGame","dispossessedPerGame","totalPassesPerGame","passSuccess","tacklePerGame","interceptionPerGame","foulsPerGame","clearancePerGame","outfielderBlockPerGame","goalOwn"
"19-Jun","Allemagne","Bernd Leno","in","Bayer Leverkusen","Germany","Arsenal","England",25,82,1,2018,19,6,92173,"Bernd Leno","Arsenal",27,"Goalkeeper",32,1,2833,0,0,0,6.6821875,0,0,0,0,0,0.15625,0,0.03125,28.8125,69.1973969631237,0,0.125,0,1,0,0
"02-Jul","Grèce","Papastathopoulos","in","Dortmund","Germany","Arsenal","England",16,84,1,2018,2,7,22210,"Sokratis","Arsenal",31,"Defender",25,0,2199,0,12,0,6.8152,1,2,0.44,0.2,0.24,1,0,0.2,55.48,89.4015861571738,1.68,1.04,1.48,4.32,0.68,0
"10-Jul","Uruguay","Lucas Torreira","in","Sampdoria","Italy","Arsenal","England",30,56,1,2018,10,7,248109,"Lucas Torreira","Arsenal",23,"Midfielder",34,10,2381,0,7,1,6.72147058823529,2,2,0.735294117647059,0.470588235294118,0.382352941176471,2.26470588235294,0,0.823529411764706,46.7647058823529,87.4213836477987,1.91176470588235,1.20588235294118,1.11764705882353,0.911764705882353,0.205882352941176,0
"24-Jul","Espagne","Diego Rico","in","Leganés","Spain","Bournemouth","England",15,34,2,2018,24,7,323352,"Diego Rico","Bournemouth",26,"Defender",12,7,606,0,1,0,6.355,0,0,0.75,0.916666666666667,0.333333333333333,0.916666666666667,0,0.416666666666667,23.75,72.6315789473684,1.16666666666667,1.16666666666667,0.833333333333333,1.41666666666667,0.166666666666667,0
"07-Aug","Colombie","Jefferson Lerma","in","Levante","Spain","Bournemouth","England",30,35,2,2018,7,8,133464,"Jefferson Lerma","Bournemouth",24,"Midfielder",30,1,2511,0,12,0,6.96833333333333,2,0,1.03333333333333,0.5,0.666666666666667,1.7,0.1,0.666666666666667,52.0333333333333,83.2158872517617,1.5,1.8,1.43333333333333,2.8,0.633333333333333,1
"05-Jul","Brésil","Bernardo","in","RB Leipzig","Germany","Brighton & Hove","England",10.2,94,3,2018,5,7,302588,"Bernardo","Brighton",24,"Defender",22,3,1751,0,4,0,6.90136363636364,0,1,0.363636363636364,0.454545454545455,0.636363636363636,1.04545454545455,0.0909090909090909,0.545454545454545,35.6818181818182,72.7388535031847,2.81818181818182,1.54545454545455,0.772727272727273,3,0.636363636363636,0
"17-Jul","Mali","Yves Bissouma","in","Lille","France","Brighton & Hove","England",16.9,67,3,2018,17,7,303096,"Yves Bissouma","Brighton",23,"Midfielder",28,11,1771,1,5,0,6.62821428571429,0,0,1.10714285714286,0.464285714285714,1.67857142857143,0.892857142857143,0.0714285714285714,1.10714285714286,25.5357142857143,81.8181818181818,2.21428571428571,1.17857142857143,1.42857142857143,0.892857142857143,0.178571428571429,0
"09-Aug","Espagne","Martín Montoya","in","Valencia CF","Spain","Brighton & Hove","England",7,30,3,2018,9,8,91387,"Martín Montoya","Brighton",28,"Defender",25,1,2166,0,4,0,6.7116,0,1,0.32,0.72,0.48,0.64,0,0.36,34.32,79.95337995338,2.32,1.92,1.16,2.52,0.4,0
"07-Aug","Angleterre","Joe Hart","in","Manchester City","England","Burnley","England",3.9,13,4,2018,7,8,8786,"Joe Hart","Burnley",32,"Goalkeeper",19,0,1710,0,0,0,6.60736842105263,0,0,0,0.0526315789473684,0,0,0,0,29.7368421052632,44.9557522123894,0,0,0,0.842105263157895,0,0
"14-Jul","Italie","Jorginho","in","Napoli","Italy","Chelsea","England",57,54,6,2018,14,7,106968,"Jorginho","Chelsea",27,"Midfielder",37,0,3165,0,8,0,6.8845945945946,2,0,0.513513513513513,0.810810810810811,0.405405405405405,0.594594594594595,0,0.837837837837838,84.2702702702703,89.2559332905709,2.05405405405405,1.72972972972973,0.891891891891892,0.945945945945946,0.189189189189189,0
"08-Aug","Espagne","Arrizabalaga","in","Athletic Bilbao","Spain","Chelsea","England",80,22,6,2018,8,8,113880,"Kepa Arrizabalaga","Chelsea",25,"Goalkeeper",36,0,3240,1,2,0,6.62666666666667,0,0,0,0,0.0277777777777778,0.111111111111111,0,0.0277777777777778,27.8611111111111,85.4436689930209,0.0277777777777778,0,0,0.388888888888889,0,0
"01-Aug","Sénégal","C.  Kouyaté","in","West Ham","England","Crystal Palace","England",10.7,19,7,2018,1,8,66741,"Cheikhou Kouyaté","Crystal Palace",29,"Midfielder",31,10,1897,0,3,0,6.60677419354839,0,2,0.645161290322581,0.451612903225806,0.387096774193548,0.548387096774194,0.0967741935483871,0.709677419354839,24.6774193548387,80.1307189542484,1.90322580645161,0.516129032258065,1.09677419354839,1,0.354838709677419,0
"24-Jul","Brésil","Richarlison","in","Watford","England","Everton","England",45,18,8,2018,24,7,317804,"Richarlison","Everton",22,"Forward",35,3,2679,3,5,1,6.886,13,1,2.37142857142857,0.6,1.11428571428571,2.08571428571429,0.485714285714286,2.57142857142857,22.6571428571429,68.4741488020177,1.37142857142857,0.457142857142857,0.914285714285714,1.11428571428571,0.0571428571428571,0
"01-Aug","France","Lucas Digne","in","FC Barcelona","Spain","Everton","England",20.2,28,8,2018,1,8,89925,"Lucas Digne","Everton",26,"Defender",35,2,2966,4,5,1,7.35971428571429,4,4,0.971428571428571,2.02857142857143,0.4,0.914285714285714,0.0571428571428571,0.857142857142857,41.6285714285714,76.0466712422786,2.02857142857143,1.71428571428571,1.11428571428571,2.68571428571429,0.257142857142857,1
"09-Aug","Portugal","André Gomes","in","FC Barcelona","Spain","Everton","England",25,28,8,2018,9,8,118123,"André Gomes","Everton",26,"Midfielder",27,3,1986,0,7,0,6.65111111111111,1,1,0.777777777777778,0.222222222222222,1.51851851851852,0.962962962962963,0,1.85185185185185,44.4444444444444,84.75,1.44444444444444,0.740740740740741,1.81481481481481,0.666666666666667,0.148148148148148,0
"09-Aug","Colombie","Yerry Mina","in","FC Barcelona","Spain","Everton","England",30.3,28,8,2018,9,8,318432,"Yerry Mina","Everton",25,"Defender",13,3,893,0,3,0,6.57,1,0,0.307692307692308,0.230769230769231,0,0.384615384615385,0.0769230769230769,0.153846153846154,38.7692307692308,84.1269841269841,1.07692307692308,0.615384615384615,1,3.84615384615385,0.384615384615385,0
"12-Jul","Côte d'Ivoire","J.-M. Seri","in","Nice","France","Fulham","England",30,73,9,2018,12,7,136262,"Jean Michael Seri","Fulham",28,"Midfielder",32,5,2252,0,6,0,6.5503125,1,2,0.59375,1.78125,0.5,0.71875,0.03125,0.78125,49.78125,87.0056497175141,1.28125,0.96875,1,0.40625,0.25,0
"30-Jul","Serbie","A.  Mitrovic","in","Newcastle United","England","Fulham","England",20.2,15,9,2018,30,7,115279,"Aleksandar Mitrovic","Fulham",25,"Forward",37,0,3282,4,7,0,7.0272972972973,11,3,3.54054054054054,0.837837837837838,0.648648648648649,1.59459459459459,0.918918918918919,2.62162162162162,27.7297297297297,72.0272904483431,0.513513513513513,0.162162162162162,1.64864864864865,1.43243243243243,0.216216216216216,0
"09-Aug","Cameroun","Zambo Anguissa","in","Marseille","France","Fulham","England",33,69,9,2018,9,8,349561,"André-Frank Zambo Anguissa","Fulham",23,"Midfielder",22,6,1519,0,1,1,6.69,0,0,0.954545454545455,0.318181818181818,1.90909090909091,0.818181818181818,0.0909090909090909,1.77272727272727,47.4090909090909,87.4400767018217,2.18181818181818,1.54545454545455,1.04545454545455,1.31818181818182,0.272727272727273,0
"20-Jul","France","Adama Diakhaby","in","Monaco","France","Huddersfield","England",10,70,10,2018,20,7,322750,"Adama Diakhaby","Huddersfield",23,"Forward",12,6,553,0,1,0,6.0775,0,0,0.583333333333333,0.416666666666667,1,0.75,0.166666666666667,1.83333333333333,12.25,76.1904761904762,0.5,0.0833333333333333,0.583333333333333,0.0833333333333333,0,0
"05-Aug","Algérie","Rachid Ghezzal","in","Monaco","France","Leicester","England",14,70,11,2018,5,8,95423,"Rachid Ghezzal","Leicester",27,"Forward",19,11,739,0,3,0,6.42526315789474,1,0,1,0.842105263157895,1,0.421052631578947,0,1.10526315789474,22.2105263157895,79.3838862559242,0.736842105263158,0.368421052631579,0.684210526315789,0.157894736842105,0.0526315789473684,0
"09-Aug","Turquie","Caglar Soyuncu","in","Freiburg","Germany","Leicester","England",21,88,11,2018,9,8,317998,"Çaglar Söyüncü","Leicester",23,"Defender",6,2,372,0,1,0,6.315,0,0,0.333333333333333,0,0.333333333333333,0.333333333333333,0,0.166666666666667,36.6666666666667,83.6363636363636,0.833333333333333,1.16666666666667,1.5,3.66666666666667,0.833333333333333,0
"01-Jul","Brésil","Fabinho","in","Monaco","France","Liverpool","England",50,70,12,2018,1,7,115916,"Fabinho","Liverpool",25,"Midfielder",28,7,2013,0,6,0,6.95357142857143,1,2,0.607142857142857,0.571428571428571,0.357142857142857,1.07142857142857,0,0.571428571428571,57.5,85.3416149068323,2.10714285714286,1,1.03571428571429,0.928571428571429,0.214285714285714,0
"01-Jul","Guinée","Naby Keïta","in","RB Leipzig","Germany","Liverpool","England",55,94,12,2018,1,7,243510,"Naby Keita","Liverpool",24,"Midfielder",25,9,1394,0,0,0,6.7424,2,1,1.08,0.36,0.96,0.64,0,1.16,40.2,88.4577114427861,1.48,0.48,1,0.52,0.16,0
"19-Jul","Brésil","Alisson Becker","in","AS Roma","Italy","Liverpool","England",75,42,12,2018,19,7,114147,"Alisson","Liverpool",27,"Goalkeeper",38,0,3420,0,1,0,6.78921052631579,0,0,0,0,0.0526315789473684,0.0263157894736842,0,0.0263157894736842,28.3157894736842,80.2973977695167,0.0526315789473684,0.0263157894736842,0,0.815789473684211,0,0
"10-Jul","Algérie","Riyad Mahrez","in","Leicester","England","Manchester City","England",70,11,13,2018,10,7,104749,"Riyad Mahrez","Manchester City",28,"Forward",27,13,1338,3,0,0,6.95814814814815,7,4,2,0.888888888888889,0.888888888888889,0.555555555555556,0.333333333333333,1,29.5185185185185,84.6925972396487,0.518518518518518,0.333333333333333,0.37037037037037,0.0740740740740741,0.037037037037037,0
"02-Aug","Japon","Yoshinori Muto","in","Mainz","Germany","Newcastle United","England",10.7,92,15,2018,2,8,132210,"Yoshinori Muto","Newcastle United",27,"Forward",17,12,519,0,1,0,6.22647058823529,1,0,0.352941176470588,0.294117647058824,0.529411764705882,0.588235294117647,0.117647058823529,0.705882352941177,6.64705882352941,70.7964601769911,0.470588235294118,0.352941176470588,0.764705882352941,0.176470588235294,0,0
"10-Jul","Angleterre","Angus Gunn","in","Manchester City","England","Southampton","England",11.3,13,16,2018,10,7,318896,"Angus Gunn","Southampton",23,"Goalkeeper",12,0,1080,1,0,0,6.365,0,0,0,0,0,0.166666666666667,0,0,24.0833333333333,35.2941176470588,0,0,0,0.916666666666667,0,0
"13-Jul","Danemark","J.  Vestergaard","in","M'gladbach","Germany","Southampton","England",20,85,16,2018,13,7,87182,"Jannik Vestergaard","Southampton",27,"Defender",23,0,2030,0,2,0,7.07,0,0,0.608695652173913,0.217391304347826,0.434782608695652,0.608695652173913,0.0434782608695652,0.173913043478261,36.7391304347826,76.9230769230769,2.30434782608696,1.52173913043478,0.739130434782609,7.43478260869565,0.869565217391304,0
"09-Aug","Angleterre","Danny Ings","in","Liverpool","England","Southampton","England",22.2,12,16,2018,9,8,91762,"Danny Ings","Southampton",27,"Forward",24,1,1668,0,1,0,6.82916666666667,7,3,2.33333333333333,1.16666666666667,0.833333333333333,0.916666666666667,0.25,1.20833333333333,16.3333333333333,71.4285714285714,1.25,0.208333333333333,0.666666666666667,0.291666666666667,0.0833333333333333,0
"01-Jul","Espagne","Marc Navarro","in","Espanyol","Spain","Watford","England",2,27,18,2018,1,7,280157,"Marc Navarro","Watford",24,"Defender",2,1,85,0,0,0,6.15,0,0,0,0,0.5,0,0,0,11.5,82.6086956521739,2,0,0.5,1,0,0
"02-Jul","Italie","Adam Masina","in","Bologna","Italy","Watford","England",5,44,18,2018,2,7,137512,"Adam Masina","Watford",25,"Defender",14,3,1004,0,5,0,6.66142857142857,0,1,0.214285714285714,0.214285714285714,0.5,0.714285714285714,0.0714285714285714,0.142857142857143,31.1428571428571,80.7339449541284,2.14285714285714,1.21428571428571,1.21428571428571,2.57142857142857,0.285714285714286,0
"19-Jun","France","Issa Diop","in","Toulouse FC","France","West Ham","England",25,80,19,2018,19,6,300359,"Issa Diop","West Ham",22,"Defender",33,0,2970,1,4,0,6.88575757575757,1,0,0.363636363636364,0.121212121212121,0.181818181818182,0.484848484848485,0.0909090909090909,0.0303030303030303,34.3636363636364,85.978835978836,2.06060606060606,1.93939393939394,0.545454545454545,4.6969696969697,1.09090909090909,1
"11-Jul","Ukraine","A.  Yarmolenko","in","Dortmund","Germany","West Ham","England",20,84,19,2018,11,7,41672,"Andriy Yarmolenko","West Ham",29,"Forward",9,4,461,0,2,0,6.27666666666667,2,0,1,0.555555555555556,0.222222222222222,0.888888888888889,0.111111111111111,1.22222222222222,22.5555555555556,82.2660098522168,0.444444444444444,0.222222222222222,0.888888888888889,0.333333333333333,0.111111111111111,0
"16-Jul","Brésil","Felipe Anderson","in","Lazio","Italy","West Ham","England",40,53,19,2018,16,7,93026,"Felipe Anderson","West Ham",26,"Midfielder",36,0,3054,6,3,0,7.23083333333333,9,4,1.61111111111111,1.80555555555556,2.11111111111111,1.44444444444444,0.138888888888889,1.5,46.3333333333333,76.0191846522782,2.47222222222222,1.13888888888889,0.75,0.333333333333333,0,0
"09-Aug","Espagne","Lucas Pérez","in","Arsenal","England","West Ham","England",4.5,1,19,2018,9,8,135663,"Lucas Pérez","West Ham",31,"Forward",15,11,469,0,0,0,6.31866666666667,3,0,0.6,0.533333333333333,0.333333333333333,0.2,0.2,0.466666666666667,9.53333333333333,70.6293706293706,0.4,0.133333333333333,0.333333333333333,0.2,0,0
"09-Aug","Colombie","Carlos Sánchez","in","Fiorentina","Italy","West Ham","England",4.5,48,19,2018,9,8,26720,"Carlos Sánchez","West Ham",33,"Midfielder",7,5,240,0,0,0,6.00714285714286,0,0,0.428571428571429,0.285714285714286,0.428571428571429,0.142857142857143,0,0.285714285714286,20.4285714285714,88.8111888111888,0.571428571428571,0.142857142857143,0.428571428571429,0.714285714285714,0,0
"24-Jul","Portugal","João Moutinho","in","Monaco","France","Wolverhampton","England",5.6,70,20,2018,24,7,16161,"João Moutinho","Wolverhampton Wanderers",33,"Midfielder",38,3,3040,1,4,0,7.06,1,8,0.473684210526316,2.21052631578947,0.342105263157895,0.973684210526316,0,0.710526315789474,49.0263157894737,84.8094471282877,2.97368421052632,1.05263157894737,1.39473684210526,1.05263157894737,0.289473684210526,0
"25-Jul","Espagne","Joni","in","Atlético Madrid","Spain","Wolverhampton","England",20.6,23,20,2018,25,7,115917,"Jonny","Wolverhampton Wanderers",25,"Defender",33,1,2780,1,6,0,6.85151515151515,1,1,0.757575757575758,0.939393939393939,0.909090909090909,1.03030303030303,0.151515151515152,1.21212121212121,32.5757575757576,77.7674418604651,2.39393939393939,1.81818181818182,0.696969696969697,1.60606060606061,0.242424242424242,0
"01-Jul","Espagne","Ander Capa","in","Eibar","Spain","Athletic Bilbao","Spain",3,26,22,2018,1,7,130377,"Ander Capa","Athletic Bilbao",27,"Defender",25,8,1637,0,9,0,6.6024,0,0,0.36,0.48,0.8,0.64,0.32,0.8,27.4,73.7226277372263,1.72,1.2,1.76,1.52,0.08,0
"02-Jul","Espagne","Yuri Berchiche","in","Paris S-G","France","Athletic Bilbao","Spain",24,75,22,2018,2,7,56057,"Yuri","Athletic Bilbao",29,"Defender",35,0,3121,1,9,1,6.86742857142857,2,2,0.828571428571429,0.542857142857143,0.942857142857143,2.22857142857143,0.0857142857142857,0.542857142857143,39.0571428571429,81.9312362838332,1.31428571428571,1.2,1.08571428571429,2.02857142857143,0.257142857142857,0
"19-Jun","France","Thomas Lemar","in","Monaco","France","Atlético Madrid","Spain",65,70,23,2018,19,6,132962,"Thomas Lemar","Atletico Madrid",23,"Midfielder",31,9,1829,1,4,0,6.86806451612903,3,3,0.838709677419355,1.2258064516129,1.54838709677419,1.06451612903226,0.225806451612903,1.51612903225806,30.258064516129,85.181236673774,1.2258064516129,0.709677419354839,0.741935483870968,0.129032258064516,0.032258064516129,0
"01-Jul","Espagne","Rodri","in","Villarreal","Spain","Atlético Madrid","Spain",25,40,23,2018,1,7,303139,"Rodrigo","Atletico Madrid",23,"Midfielder",34,2,2743,3,5,0,7.24382352941176,3,1,0.794117647058823,0.5,0.558823529411765,1.26470588235294,0.0294117647058824,0.852941176470588,56.6764705882353,91.1261027503892,3.02941176470588,1.20588235294118,1.73529411764706,1.97058823529412,0.323529411764706,0
"05-Jul","Espagne","Antonio Adán","in","Real Betis","Spain","Atlético Madrid","Spain",1,24,23,2018,5,7,23285,"Antonio Adán","Atletico Madrid",32,"Goalkeeper",2,0,91,0,1,0,6.47,0,0,0,0,0,0,0,0,11,50,0,0,0,0,0,0
"09-Aug","Croatie","Nikola Kalinic","in","AC Milan","Italy","Atlético Madrid","Spain",15,41,23,2018,9,8,25091,"Nikola Kalinic","Atletico Madrid",31,"Forward",17,10,641,0,3,0,6.30176470588235,2,0,0.529411764705882,0.176470588235294,0,0.529411764705882,0.176470588235294,0.294117647058824,6.29411764705882,57.0093457943925,0.352941176470588,0.117647058823529,0.823529411764706,0.117647058823529,0,0
"09-Jul","Espagne","Borja Iglesias","in","Celta Vigo","Spain","Espanyol","Spain",10,25,27,2018,9,7,259042,"Borja Iglesias","Espanyol",26,"Forward",37,2,3082,2,5,0,6.93081081081081,17,3,2.43243243243243,1.13513513513514,0.621621621621622,1.37837837837838,1.21621621621622,1.75675675675676,18.2162162162162,70.4747774480712,0.621621621621622,0.189189189189189,1.51351351351351,1.08108108108108,0.162162162162162,0
"12-Jul","France","C.  Lenglet","in","Sevilla FC","Spain","FC Barcelona","Spain",35.9,29,28,2018,12,7,236511,"Clément Lenglet","Barcelona",24,"Defender",23,1,1935,1,8,1,6.88,1,0,0.260869565217391,0,0.260869565217391,0.608695652173913,0.0434782608695652,0.130434782608696,49.7826086956522,89.4323144104803,2.04347826086957,0.91304347826087,1.30434782608696,2.95652173913043,0.869565217391304,1
"24-Jul","Brésil","Malcom","in","Bordeaux","France","FC Barcelona","Spain",41,63,28,2018,24,7,146780,"Malcom","Barcelona",22,"Midfielder",15,9,608,0,0,0,6.53266666666667,1,2,0.733333333333333,0.866666666666667,0.733333333333333,0.6,0.533333333333333,0.4,20.3333333333333,86.8852459016393,0.2,0.0666666666666667,0.333333333333333,0.0666666666666667,0,0
"03-Aug","Chili","Arturo Vidal","in","Bayern Munich","Germany","FC Barcelona","Spain",18,83,28,2018,3,8,25008,"Arturo Vidal","Barcelona",32,"Midfielder",33,11,1929,0,7,0,6.88787878787879,3,7,0.727272727272727,0.666666666666667,0.151515151515152,0.96969696969697,0,0.484848484848485,45.4242424242424,88.9926617745163,2.36363636363636,0.878787878787879,1.75757575757576,0.606060606060606,0.151515151515152,0
"01-Jul","Cameroun","Ibrahim Amadou","in","Lille","France","Sevilla FC","Spain",15,67,29,2018,1,7,118885,"Ibrahim Amadou","Sevilla",26,"Midfielder",17,10,758,1,2,0,6.53470588235294,0,0,0.529411764705882,0.176470588235294,0.294117647058824,0.588235294117647,0.0588235294117647,0.470588235294118,20.7058823529412,85.7954545454545,1.58823529411765,0.647058823529412,0.705882352941177,1.35294117647059,0.235294117647059,0
"25-Jul","Espagne","Sergi Gomez","in","Celta Vigo","Spain","Sevilla FC","Spain",5,25,29,2018,25,7,90778,"Sergi Gómez","Sevilla",27,"Defender",32,1,2766,0,1,0,6.7034375,0,0,0.28125,0.15625,0,0.21875,0.0625,0.09375,45.53125,84.6259437199726,1.53125,1.25,0.875,4.03125,0.625,0
"26-Jul","France","Joris Gnagnon","in","Rennes","France","Sevilla FC","Spain",15,77,29,2018,26,7,298545,"Joris Gnagnon","Sevilla",22,"Defender",7,3,445,0,2,0,6.70571428571429,0,0,0.428571428571429,0.285714285714286,0.428571428571429,1,0,0.714285714285714,36.8571428571429,90.3100775193798,1.57142857142857,1.42857142857143,1.14285714285714,2.14285714285714,0.285714285714286,0
"04-Aug","Espagne","Aleix Vidal","in","FC Barcelona","Spain","Sevilla FC","Spain",8.5,28,29,2018,4,8,82630,"Aleix Vidal","Sevilla",30,"Midfielder",11,6,526,0,3,0,6.53909090909091,0,0,0.727272727272727,1.27272727272727,0.363636363636364,0.636363636363636,0.0909090909090909,0.727272727272727,22.8181818181818,76.0956175298805,1.18181818181818,0.363636363636364,0.909090909090909,0.818181818181818,0,0
"28-Jun","France","M.  Diakhaby","in","Lyon","France","Valencia CF","Spain",15,68,30,2018,28,6,322095,"Mouctar Diakhaby","Valencia",22,"Defender",22,6,1574,0,9,0,6.645,2,0,0.5,0,0.227272727272727,0.409090909090909,0.0454545454545455,0.0909090909090909,31.6363636363636,85.0574712643678,0.636363636363636,0.909090909090909,1.09090909090909,4.27272727272727,0.727272727272727,0
"09-Jul","Danemark","Daniel Wass","in","Celta Vigo","Spain","Valencia CF","Spain",6,25,30,2018,9,7,27254,"Daniel Wass","Valencia",30,"Midfielder",32,6,2356,0,4,0,6.736875,1,3,0.90625,0.96875,0.3125,1.3125,0.0625,0.375,35.875,78.0487804878049,1.09375,1.0625,0.875,1.3125,0.125,1
"12-Aug","France","Kevin Gameiro","in","Atlético Madrid","Spain","Valencia CF","Spain",16,23,30,2018,12,8,19453,"Kevin Gameiro","Valencia",32,"Forward",33,17,1606,0,1,0,6.42818181818182,6,1,1.09090909090909,0.757575757575758,0.363636363636364,0.363636363636364,0.515151515151515,0.848484848484849,12.7878787878788,77.0142180094787,0.424242424242424,0.151515151515152,0.333333333333333,0.0909090909090909,0.0606060606060606,0
"28-Aug","Portugal","Gonçalo Guedes","in","Paris S-G","France","Valencia CF","Spain",40,75,30,2018,28,8,247995,"Gonçalo Guedes","Valencia",22,"Midfielder",25,7,1474,1,2,0,6.8948,5,3,1.4,0.84,1.44,2,0.28,0.96,23.92,75.9197324414716,1.24,0.28,0.76,0.04,0,0
"12-Jul","Serbie","N.  Maksimovic","in","Valencia CF","Spain","Getafe","Spain",5.5,30,32,2018,12,7,296367,"Nemanja Maksimovic","Getafe",24,"Midfielder",36,0,3211,0,5,0,6.78333333333333,1,0,0.916666666666667,0.333333333333333,0.277777777777778,0.305555555555556,0.0277777777777778,0.583333333333333,21.3611111111111,75.5526657997399,2.13888888888889,1.97222222222222,0.527777777777778,0.805555555555556,0.416666666666667,0
"13-Jul","Espagne","David Soria","in","Sevilla FC","Spain","Getafe","Spain",3,29,32,2018,13,7,243262,"David Soria","Getafe",26,"Goalkeeper",37,0,3330,2,0,0,6.7572972972973,0,0,0,0.0540540540540541,0.027027027027027,0.0540540540540541,0,0,28.027027027027,40.4050144648023,0.027027027027027,0.027027027027027,0,1.21621621621622,0,0
"26-Jul","Espagne","Iván Alejo","in","Eibar","Spain","Getafe","Spain",4,26,32,2018,26,7,280027,"Iván Alejo","Getafe",24,"Midfielder",4,2,147,0,2,1,5.9625,0,0,0.25,0.25,1,1.75,0,1.25,8,46.875,0.5,0,2.5,0.75,0,0
"01-Jul","Espagne","Alberto","in","Getafe","Spain","Rayo Vallecano","Spain",0.5,32,36,2018,1,7,31685,"Alberto García","Rayo Vallecano",34,"Goalkeeper",17,0,1530,0,1,0,6.59705882352941,0,0,0,0,0,0.117647058823529,0,0,27.7058823529412,65.3927813163482,0.0588235294117647,0.117647058823529,0,0.294117647058824,0,0
"23-Jul","Uruguay","E.  Velázquez","in","Atlético Madrid","Spain","Rayo Vallecano","Spain",1,23,36,2018,23,7,120114,"Emiliano Velázquez","Rayo Vallecano",25,"Defender",18,4,1275,0,8,0,7.04611111111111,0,2,0.444444444444444,0.388888888888889,0.833333333333333,0.333333333333333,0,0.277777777777778,28.0555555555556,69.5049504950495,2.72222222222222,2.61111111111111,1.66666666666667,5.72222222222222,0.388888888888889,0
"08-Aug","Belgique","T.  Courtois","in","Chelsea","England","Real Madrid","Spain",35,6,37,2018,8,8,73798,"Thibaut Courtois","Real Madrid",27,"Goalkeeper",27,0,2430,1,2,0,6.71407407407407,0,0,0.037037037037037,0,0.037037037037037,0.185185185185185,0,0,24.8888888888889,72.4702380952381,0,0.0740740740740741,0,0.333333333333333,0,0
"12-Jul","Espagne","Mikel Merino","in","Newcastle United","England","Real Sociedad","Spain",12,15,38,2018,12,7,238916,"Mikel Merino","Real Sociedad",23,"Midfielder",29,5,2061,2,8,1,6.88241379310345,3,3,0.827586206896552,0.448275862068966,1,1.27586206896552,0.0344827586206897,1.62068965517241,37.551724137931,79.6143250688705,1.72413793103448,1,2.41379310344828,1.24137931034483,0.0689655172413793,0
"03-Aug","Espagne","Rubén Alcaraz","in","Girona","Spain","Valladolid","Spain",1,31,39,2018,3,8,279711,"Rubén Alcaraz","Real Valladolid",28,"Midfielder",34,0,2978,2,13,0,6.88970588235294,3,2,1.52941176470588,0.617647058823529,0.676470588235294,3.20588235294118,0.0294117647058824,1.17647058823529,50.3529411764706,83.5864485981308,2.82352941176471,1.11764705882353,2.02941176470588,1.38235294117647,0.294117647058824,0
"07-Jun","Cameroun","K.  Toko Ekambi","in","Angers","France","Villarreal","Spain",18,62,40,2018,7,6,236504,"Karl Toko Ekambi","Villarreal",27,"Forward",34,10,2149,2,5,0,6.82911764705882,10,1,1.73529411764706,0.764705882352941,1.52941176470588,0.852941176470588,0.588235294117647,0.764705882352941,14.7352941176471,74.6506986027944,0.323529411764706,0.323529411764706,0.794117647058823,0.264705882352941,0,0
"12-Jun","Espagne","Gerard Moreno","in","Espanyol","Spain","Villarreal","Spain",20,27,40,2018,12,6,97659,"Gerard Moreno","Villarreal",27,"Forward",35,10,2317,3,3,0,6.786,8,1,2.02857142857143,1.08571428571429,0.914285714285714,1.05714285714286,0.6,1.37142857142857,21.1428571428571,71.7567567567568,0.628571428571429,0.257142857142857,1.11428571428571,1.08571428571429,0.257142857142857,0
"21-Jun","Argentine","R.  Funes Mori","in","Everton","England","Villarreal","Spain",9,8,40,2018,21,6,121454,"Ramiro Funes Mori","Villarreal",28,"Defender",31,2,2628,0,15,0,6.80064516129032,2,1,0.838709677419355,0.193548387096774,0.225806451612903,0.709677419354839,0.0645161290322581,0.193548387096774,39.0967741935484,81.023102310231,1.32258064516129,1.35483870967742,1.03225806451613,4.67741935483871,0.774193548387097,1
"16-Aug","Colombie","Carlos Bacca","in","AC Milan","Italy","Villarreal","Spain",7,41,40,2018,16,8,71687,"Carlos Bacca","Villarreal",33,"Forward",33,21,1263,0,3,0,6.38030303030303,6,1,0.939393939393939,0.696969696969697,0.363636363636364,0.272727272727273,0.454545454545455,0.818181818181818,8.18181818181818,68.1481481481482,0.121212121212121,0.242424242424242,0.575757575757576,0.151515151515152,0,0
"15-Aug","Uruguay","Diego Laxalt","in","Genoa","Italy","AC Milan","Italy",14,50,41,2018,15,8,135584,"Diego Laxalt","AC Milan",26,"Midfielder",20,14,640,0,2,0,6.3505,0,0,0.3,0.4,0.35,0.25,0,0.5,16,77.8125,1.3,0.4,0.8,0.55,0.15,0
"17-Aug","Espagne","S.  Castillejo","in","Villarreal","Spain","AC Milan","Italy",25,40,41,2018,17,8,238773,"Samu Castillejo","AC Milan",24,"Midfielder",31,23,1008,1,3,0,6.46354838709677,4,2,0.967741935483871,0.612903225806452,0.612903225806452,0.838709677419355,0.129032258064516,0.870967741935484,13.8709677419355,86.7441860465116,0.483870967741935,0.258064516129032,0.870967741935484,0.290322580645161,0,0
"25-Jun","Argentine","Javier Pastore","in","Paris S-G","France","AS Roma","Italy",20,75,42,2018,25,6,41220,"Javier Pastore","Roma",30,"Midfielder",14,7,596,0,0,0,6.70357142857143,3,0,1.35714285714286,1.28571428571429,1.07142857142857,0.214285714285714,0,0.428571428571429,26.4285714285714,85.6756756756757,0.714285714285714,0.214285714285714,0.642857142857143,0.357142857142857,0,0
"01-Jul","Italie","Bryan Cristante","in","Atalanta","Italy","AS Roma","Italy",21,43,42,2018,1,7,109149,"Bryan Cristante","Roma",24,"Midfielder",35,9,2421,1,10,0,6.81,4,3,1.22857142857143,0.8,0.885714285714286,0.428571428571429,0,0.971428571428571,36.9428571428571,82.2119102861562,1.8,0.8,1.82857142857143,1.28571428571429,0.142857142857143,0
"01-Jul","République tchèque","Patrik Schick","in","Sampdoria","Italy","AS Roma","Italy",14,56,42,2018,1,7,243565,"Patrik Schick","Roma",23,"Forward",24,9,1315,1,4,0,6.58125,3,0,1.41666666666667,0.75,0.375,0.791666666666667,0.375,0.875,11.0416666666667,74.7169811320755,0.458333333333333,0.125,1.125,0.541666666666667,0.0833333333333333,0
"14-Aug","France","Steven N'Zonzi","in","Sevilla FC","Spain","AS Roma","Italy",30,29,42,2018,14,8,39935,"Steven Nzonzi","Roma",30,"Midfielder",30,1,2619,1,7,0,7.05566666666667,1,2,0.733333333333333,0.8,0.433333333333333,0.5,0,0.4,56.2666666666667,87.7369668246445,2.2,0.9,1.06666666666667,1.7,0.8,0
"22-Jun","Pologne","L.  Skorupski","in","AS Roma","Italy","Bologna","Italy",9,42,44,2018,22,6,77397,"Lukasz Skorupski","Bologna",28,"Goalkeeper",38,0,3420,2,1,0,6.69236842105263,0,0,0,0,0,0.0263157894736842,0,0,23.7894736842105,63.6061946902655,0,0.0789473684210526,0,0.789473684210526,0,0
"04-Jul","Italie","D.  Falcinelli","in","Sassuolo","Italy","Bologna","Italy",10,57,44,2018,4,7,79674,"Diego Falcinelli","Bologna",28,"Forward",16,8,707,0,0,0,6.248125,0,1,1,0.3125,0.5,1.25,0,1.9375,8.4375,83.7037037037037,0.5,0.0625,0.8125,0.1875,0.0625,0
"17-Aug","Estonie","Ragnar Klavan","in","Liverpool","England","Cagliari","Italy",1.3,12,45,2018,17,8,10839,"Ragnar Klavan","Cagliari",33,"Defender",15,0,1233,0,2,0,6.51533333333333,0,0,0.133333333333333,0.0666666666666667,0.0666666666666667,0.266666666666667,0,0.266666666666667,41.6666666666667,80.64,0.6,0.666666666666667,0.466666666666667,4.46666666666667,0.866666666666667,0
"17-Aug","Ghana","Afriyie Acquah","in","Torino","Italy","Empoli","Italy",1,59,47,2018,17,8,91180,"Afriyie Acquah","Empoli",27,"Midfielder",28,9,1514,1,4,0,6.42357142857143,2,0,0.785714285714286,0.392857142857143,0.964285714285714,1.14285714285714,0.0357142857142857,0.75,24.7142857142857,82.2254335260116,0.964285714285714,0.428571428571429,0.964285714285714,0.5,0.0357142857142857,0
"01-Jul","France","Vincent Laurini","in","Empoli","Italy","Fiorentina","Italy",2,47,48,2018,1,7,109062,"Vincent Laurini","Fiorentina",30,"Defender",15,5,921,0,4,0,6.524,0,0,0.133333333333333,0.466666666666667,0.733333333333333,1.4,0,0.6,29.6666666666667,79.7752808988764,0.866666666666667,0.866666666666667,1.06666666666667,1.8,0.333333333333333,0
"02-Jul","France","Alban Lafont","in","Toulouse FC","France","Fiorentina","Italy",7,80,48,2018,2,7,300590,"Alban Lafont","Fiorentina",20,"Goalkeeper",34,0,3016,1,2,0,6.63823529411765,0,0,0,0.0882352941176471,0.0588235294117647,0.235294117647059,0,0,24.9411764705882,62.6179245283019,0,0.0294117647058824,0,0.911764705882353,0,1
"17-Aug","Italie","Marco Capuano","in","Cagliari","Italy","Frosinone","Italy",1,45,49,2018,17,8,92754,"Marco Capuano","Frosinone",28,"Defender",27,0,2313,1,4,1,6.58333333333333,0,0,0.259259259259259,0.222222222222222,0.0740740740740741,0.407407407407407,0,0.222222222222222,43.1481481481481,83.6051502145923,1.96296296296296,1.25925925925926,0.740740740740741,3.66666666666667,1.14814814814815,0
"09-Jul","Italie","Luca Mazzitelli","in","Sassuolo","Italy","Genoa","Italy",8,57,50,2018,9,7,141269,"Luca Mazzitelli","Genoa",23,"Midfielder",10,7,320,0,3,0,6.181,0,0,0.5,0.3,0,0.5,0,0.3,20.6,75.7281553398058,0.5,0.6,1.3,0.6,0.1,0
"08-Aug","Italie","Andrea Favilli","in","Juventus","Italy","Genoa","Italy",7,52,50,2018,8,8,297001,"Andrea Favilli","Genoa",22,"Forward",6,6,166,0,0,0,6.38166666666667,0,2,0.833333333333333,0.5,0.333333333333333,0.333333333333333,0.166666666666667,0.166666666666667,7.33333333333333,75,0.166666666666667,0,1.16666666666667,0.166666666666667,0,0
"17-Aug","Italie","G.  Lapadula","in","AC Milan","Italy","Genoa","Italy",11,41,50,2018,17,8,95872,"Gianluca Lapadula","Genoa",29,"Forward",8,4,403,0,1,0,6.365,1,0,3,0.5,0.5,1.25,1.25,0.875,9.25,66.2162162162162,0.25,0.125,2,0.125,0,0
"26-Jun","Belgique","R.  Nainggolan","in","AS Roma","Italy","Inter Milan","Italy",38,42,51,2018,26,6,52380,"Radja Nainggolan","Inter",31,"Midfielder",29,7,1972,1,3,0,6.89034482758621,6,3,2.44827586206897,1.41379310344828,0.931034482758621,0.896551724137931,0.0689655172413793,1.55172413793103,33.1379310344828,84.2872008324662,1.20689655172414,0.310344827586207,1.06896551724138,0.172413793103448,0.0689655172413793,0
"01-Jul","Italie","Matteo Politano","in","Sassuolo","Italy","Inter Milan","Italy",20,57,51,2018,1,7,122683,"Matteo Politano","Inter",26,"Midfielder",36,5,2568,0,4,1,6.92277777777778,5,6,2.19444444444444,1.80555555555556,1.30555555555556,1.22222222222222,0.0555555555555556,0.916666666666667,33.75,80.082304526749,0.5,0.388888888888889,0.361111111111111,0.222222222222222,0,0
"08-Jun","Italie","Mattia Perin","in","Genoa","Italy","Juventus","Italy",12,50,52,2018,8,6,78880,"Mattia Perin","Juventus",26,"Goalkeeper",9,0,810,0,1,0,6.55444444444444,0,0,0,0,0.111111111111111,0.222222222222222,0,0,21.1111111111111,75.2631578947368,0,0,0,0.555555555555556,0,0
"27-Jun","Portugal","Joao Cancelo","in","Inter Milan","Italy","Juventus","Italy",40.4,51,52,2018,27,6,128967,"João Cancelo","Juventus",25,"Defender",25,3,1967,2,6,0,7.1992,1,3,1,1.4,2.44,0.96,0,0.88,50.28,86.2370723945903,1.72,0.6,1.28,1.28,0.16,0
"01-Jul","Brésil","Douglas Costa","in","Bayern Munich","Germany","Juventus","Italy",46,83,52,2018,1,7,68889,"Douglas Costa","Juventus",29,"Midfielder",17,10,620,1,2,1,6.62588235294118,1,0,1.17647058823529,1.23529411764706,1.76470588235294,0.470588235294118,0.0588235294117647,0.764705882352941,17.4705882352941,86.1952861952862,0.588235294117647,0.235294117647059,0.764705882352941,0.0588235294117647,0,0
"10-Jul","Portugal","C.  Ronaldo","in","Real Madrid","Spain","Juventus","Italy",117,37,52,2018,10,7,5583,"Cristiano Ronaldo","Juventus",34,"Forward",31,1,2689,10,3,0,7.67741935483871,21,8,5.70967741935484,1.54838709677419,1.45161290322581,1.61290322580645,0.935483870967742,1.25806451612903,33.258064516129,85.0630455868089,0.32258064516129,0.193548387096774,0.612903225806452,0.967741935483871,0.0645161290322581,0
"22-Jun","Danemark","Riza Durmisi","in","Real Betis","Spain","Lazio","Italy",6.5,24,53,2018,22,6,283282,"Riza Durmisi","Lazio",25,"Defender",10,8,319,0,4,0,6.17,0,1,0.4,1,0.1,0.4,0,0,12.5,77.6,0.4,0.1,0.7,0.6,0,0
"11-Jul","Italie","F.  Acerbi","in","Sassuolo","Italy","Lazio","Italy",10,57,53,2018,11,7,54968,"Francesco Acerbi","Lazio",31,"Defender",37,0,3310,2,3,1,6.94837837837838,3,1,0.486486486486487,0.27027027027027,0.243243243243243,1.13513513513514,0.0810810810810811,0.216216216216216,47.972972972973,87.0422535211268,1.08108108108108,1.64864864864865,0.648648648648649,4.40540540540541,0.864864864864865,0
"31-Jul","Argentine","Joaquin Correa","in","Sevilla FC","Spain","Lazio","Italy",15,29,53,2018,31,7,125378,"Joaquín Correa","Lazio",25,"Midfielder",34,16,1919,1,5,0,7.02941176470588,5,6,2.05882352941176,1.67647058823529,2.05882352941176,1.20588235294118,0.235294117647059,0.764705882352941,25.1176470588235,86.0655737704918,0.617647058823529,0.0588235294117647,0.823529411764706,0.205882352941176,0.0882352941176471,0
"01-Jul","Italie","Simone Verdi","in","Bologna","Italy","Napoli","Italy",25,44,54,2018,1,7,82144,"Simone Verdi","Napoli",27,"Forward",22,13,701,1,0,0,6.48181818181818,3,3,0.909090909090909,0.590909090909091,0.545454545454545,0.363636363636364,0.0454545454545455,0.727272727272727,15,85.4545454545455,0.727272727272727,0.181818181818182,0.590909090909091,0.0909090909090909,0,0
"05-Jul","Grèce","O.  Karnezis","in","Udinese","Italy","Napoli","Italy",2.5,60,54,2018,5,7,11624,"Orestis Karnezis","Napoli",34,"Goalkeeper",9,0,810,0,0,0,6.79444444444444,0,0,0,0,0,0.111111111111111,0,0,23,63.768115942029,0,0,0,0.555555555555556,0,0
"05-Jul","Italie","Alex Meret","in","SPAL","Italy","Napoli","Italy",27,58,54,2018,5,7,241022,"Alex Meret","Napoli",22,"Goalkeeper",14,1,1151,0,0,1,6.77214285714286,0,0,0,0,0,0.285714285714286,0,0,22.0714285714286,73.7864077669903,0,0,0.142857142857143,0.714285714285714,0,0
"05-Jul","Espagne","Fabián Ruiz","in","Real Betis","Spain","Napoli","Italy",30,24,54,2018,5,7,294193,"Fabián Ruiz","Napoli",23,"Midfielder",27,7,1991,2,2,1,7.25407407407408,5,4,1.88888888888889,2.2962962962963,1.33333333333333,0.814814814814815,0.0740740740740741,1.07407407407407,66.6296296296296,89.7720956086715,2,0.777777777777778,0.407407407407407,0.888888888888889,0.148148148148148,0
"08-Aug","France","Kévin Malcuit","in","Lille","France","Napoli","Italy",12,67,54,2018,8,8,86512,"Kevin Malcuit","Napoli",28,"Defender",24,4,1806,1,3,0,7.10791666666667,0,2,0.5,0.916666666666667,1.41666666666667,0.916666666666667,0.125,0.833333333333333,41.2083333333333,85.9453993933266,1.83333333333333,1.875,1,2.33333333333333,0.166666666666667,0
"17-Aug","Colombie","David Ospina","in","Arsenal","England","Napoli","Italy",3.5,1,54,2018,17,8,36745,"David Ospina","Napoli",31,"Goalkeeper",17,1,1457,1,0,0,6.56235294117647,0,0,0,0,0.0588235294117647,0.294117647058824,0,0,23.0588235294118,73.9795918367347,0.0588235294117647,0,0,0.470588235294118,0,0
"07-Aug","France","J.  Biabiany","in","Inter Milan","Italy","Parma","Italy",1.5,51,55,2018,7,8,41237,"Jonathan Biabiany","Parma Calcio 1913",31,"Forward",18,6,1069,0,4,0,6.44444444444444,0,0,0.222222222222222,0.5,1.11111111111111,0.888888888888889,0.166666666666667,1.16666666666667,16.2222222222222,72.9452054794521,1.66666666666667,0.611111111111111,1.16666666666667,0.555555555555556,0.0555555555555556,0
"14-Jun","Italie","Alex Ferrari","in","Bologna","Italy","Sampdoria","Italy",4.5,44,56,2018,14,6,130043,"Alex Ferrari","Sampdoria",25,"Defender",6,0,540,1,2,0,6.66833333333333,0,0,0,0,0,0.666666666666667,0,0.166666666666667,52.1666666666667,88.1789137380192,1.66666666666667,1.5,0.5,4.16666666666667,0.666666666666667,0
"06-Jul","République tchèque","Jakub Jankto","in","Udinese","Italy","Sampdoria","Italy",15,60,56,2018,6,7,254262,"Jakub Jankto","Sampdoria",23,"Midfielder",25,18,949,0,2,0,6.1476,0,0,0.92,0.24,0.04,0.24,0,0.2,20.2,82.7722772277228,0.28,0.36,0.28,0.52,0.08,0
"17-Jul","Italie","Emil Audero","in","Juventus","Italy","Sampdoria","Italy",20,52,56,2018,17,7,254692,"Emil Audero","Sampdoria",22,"Goalkeeper",36,0,3240,0,4,0,6.62666666666667,0,0,0,0.0555555555555556,0,0.138888888888889,0,0,27.1111111111111,70.9016393442623,0.111111111111111,0.0277777777777778,0.0555555555555556,0.916666666666667,0,0
"24-Jul","France","G.  Defrel","in","AS Roma","Italy","Sampdoria","Italy",20,42,56,2018,24,7,101767,"Gregoire Defrel","Sampdoria",28,"Forward",36,10,2343,3,2,0,6.82055555555556,11,3,1.30555555555556,0.694444444444444,0.777777777777778,0.916666666666667,0.222222222222222,1.41666666666667,21.5,84.3669250645995,1.11111111111111,0.0833333333333333,1.05555555555556,0.194444444444444,0,0
"04-Jul","Italie","Di Francesco","in","Bologna","Italy","Sassuolo","Italy",10,44,57,2018,4,7,128605,"Federico Di Francesco","Sassuolo",25,"Forward",19,5,1081,1,2,0,6.46105263157895,2,2,1.31578947368421,0.578947368421053,0.684210526315789,0.947368421052632,0.368421052631579,1,18.3157894736842,85.3448275862069,0.526315789473684,0.263157894736842,1.31578947368421,0.105263157894737,0.0526315789473684,0
"13-Aug","Italie","M.  Locatelli","in","AC Milan","Italy","Sassuolo","Italy",10,41,57,2018,13,8,273539,"Manuel Locatelli","Sassuolo",21,"Midfielder",29,8,1851,1,7,0,6.76793103448276,2,4,1.06896551724138,1.41379310344828,0.724137931034483,1,0,0.862068965517241,40.7586206896552,87.3096446700508,1.51724137931034,0.931034482758621,1.20689655172414,1,0.103448275862069,0
"16-Aug","Brésil","Marlon","in","FC Barcelona","Spain","Sassuolo","Italy",6,28,57,2018,16,8,131382,"Marlon Santos","Sassuolo",24,"Defender",18,0,1511,1,3,1,6.64055555555555,1,0,0.333333333333333,0.166666666666667,0.222222222222222,0.444444444444444,0,0.111111111111111,57.7222222222222,93.5514918190568,1.61111111111111,1.38888888888889,1.05555555555556,2,0.666666666666667,0
"01-Jul","Sénégal","Alfred Gomis","in","Torino","Italy","SPAL","Italy",1.5,59,58,2018,1,7,97213,"Alfred Gomis","SPAL 2013",26,"Goalkeeper",20,1,1722,1,0,0,6.4975,0,0,0,0,0,0.15,0,0,28.05,67.7361853832442,0,0.05,0.05,0.9,0,0
"01-Jul","Slovénie","Jasmin Kurtic","in","Atalanta","Italy","SPAL","Italy",4.8,43,58,2018,1,7,90287,"Jasmin Kurtic","SPAL 2013",30,"Midfielder",30,1,2561,1,9,0,7.01833333333333,6,5,2.13333333333333,1.2,0.8,1.83333333333333,0,0.7,40.7,86.0769860769861,1.16666666666667,0.666666666666667,1.2,1.66666666666667,0.1,0
"19-Jul","Italie","Andrea Petagna","in","Atalanta","Italy","SPAL","Italy",12,43,58,2018,19,7,122296,"Andrea Petagna","SPAL 2013",24,"Forward",36,1,3043,1,8,0,6.81083333333333,16,1,2.47222222222222,0.777777777777778,0.833333333333333,1.27777777777778,0.166666666666667,2.38888888888889,20.1666666666667,79.6143250688705,0.416666666666667,0.111111111111111,1.22222222222222,0.416666666666667,0.222222222222222,0
"13-Aug","Italie","S.  Missiroli","in","Sassuolo","Italy","SPAL","Italy",2.5,57,58,2018,13,8,13348,"Simone Missiroli","SPAL 2013",33,"Midfielder",34,1,2750,1,9,0,6.78117647058824,0,0,0.441176470588235,0.794117647058823,0.588235294117647,1.61764705882353,0,0.735294117647059,44.0294117647059,82.8991315965264,1.70588235294118,1.35294117647059,0.882352941176471,1.26470588235294,0.323529411764706,0
"16-Aug","Italie","M.  Valdifiori","in","Torino","Italy","SPAL","Italy",1,59,58,2018,16,8,128746,"Mirko Valdifiori","SPAL 2013",33,"Midfielder",15,7,667,0,3,0,6.50066666666667,0,1,0.466666666666667,1.46666666666667,0.133333333333333,0.533333333333333,0,0.2,33.7333333333333,85.9683794466403,1.33333333333333,0.333333333333333,0.933333333333333,0.466666666666667,0.133333333333333,0
"04-Jul","Italie","Armando Izzo","in","Genoa","Italy","Torino","Italy",8,50,59,2018,4,7,141307,"Armando Izzo","Torino",27,"Defender",37,0,3274,6,6,0,7.23972972972973,4,1,0.675675675675676,0.297297297297297,0.243243243243243,1.64864864864865,0.0540540540540541,0.297297297297297,49.5135135135135,77.8384279475982,2.05405405405405,2.35135135135135,1.51351351351351,3.83783783783784,0.648648648648649,0
"10-Jul","France","S.  Meïté","in","Monaco","France","Torino","Italy",10,70,59,2018,10,7,105161,"Soualiho Meité","Torino",25,"Midfielder",35,5,2663,1,7,1,6.88057142857143,2,4,0.857142857142857,0.942857142857143,1.48571428571429,1.48571428571429,0.0285714285714286,1.34285714285714,32.8,82.2299651567944,1.31428571428571,0.828571428571429,1.74285714285714,0.6,0.171428571428571,0
"17-Aug","Italie","Simone Zaza","in","Valencia CF","Spain","Torino","Italy",12,30,59,2018,17,8,71647,"Simone Zaza","Torino",28,"Forward",29,18,1424,0,8,1,6.48344827586207,4,3,1.93103448275862,0.517241379310345,0.0689655172413793,0.931034482758621,0.517241379310345,0.96551724137931,9.44827586206897,67.1532846715328,0.689655172413793,0.137931034482759,1.58620689655172,0.310344827586207,0.0344827586206897,0
"26-Jul","Italie","R.  Mandragora","in","Juventus","Italy","Udinese","Italy",20,52,60,2018,26,7,241020,"Rolando Mandragora","Udinese",22,"Midfielder",35,2,2921,0,8,1,6.72571428571429,3,2,1.31428571428571,0.828571428571429,0.114285714285714,1.14285714285714,0.0285714285714286,0.4,32.3428571428571,84.3639575971731,1.91428571428571,1.2,1.31428571428571,1.54285714285714,0.257142857142857,0
"13-Jul","RD Congo","H.  Manzala","in","Amiens","France","Angers","France",1,61,62,2018,13,7,232576,"Harrison Manzala","Angers",25,"Midfielder",8,8,66,0,0,0,5.97625,0,0,0.25,0,0,0.375,0.125,0.125,3,58.3333333333333,0.25,0,0.125,0.125,0,0
"04-Jul","Tchad","Casimir Ninga","in","Montpellier","France","Caen","France",2,71,64,2018,4,7,298542,"Casimir Ninga","Caen",26,"Forward",33,5,2476,1,9,0,6.58030303030303,6,3,1.60606060606061,0.757575757575758,1.57575757575758,1.06060606060606,0.484848484848485,2.60606060606061,14.2424242424242,76.3829787234043,1.60606060606061,0.666666666666667,1.93939393939394,0.272727272727273,0.0303030303030303,0
"24-Jul","Maroc","Yacine Bammou","in","Nantes","France","Caen","France",2,72,64,2018,24,7,231145,"Yacine Bammou","Caen",28,"Forward",17,8,919,0,2,0,6.40117647058823,2,0,1,0.352941176470588,0.176470588235294,0.529411764705882,0.176470588235294,1,17.5882352941176,76.2541806020067,0.823529411764706,0.529411764705882,0.529411764705882,0.882352941176471,0.176470588235294,0
"03-Aug","Maroc","Fayçal Fajr","in","Getafe","Spain","Caen","France",2,32,64,2018,3,8,105026,"Faycal Fajr","Caen",31,"Midfielder",36,0,3240,5,6,0,6.88722222222222,5,4,1.41666666666667,1.5,0.805555555555556,2.47222222222222,0.0833333333333333,0.972222222222222,53.0277777777778,81.4038763750655,1.80555555555556,0.805555555555556,1.19444444444444,0.444444444444444,0.166666666666667,0
"02-Jul","France","Jonathan Ikoné","in","Paris S-G","France","Lille","France",5,75,67,2018,2,7,322094,"Jonathan Ikoné","Lille",21,"Midfielder",38,4,2815,0,3,0,6.8171052631579,3,9,1.34210526315789,1.5,1.97368421052632,0.763157894736842,0.0263157894736842,1.71052631578947,24.1052631578947,73.7991266375546,0.657894736842105,0.157894736842105,0.947368421052632,0.105263157894737,0.0526315789473684,0
"01-Jul","France","Martin Terrier","in","Lille","France","Lyon","France",11,67,68,2018,1,7,329356,"Martin Terrier","Lyon",22,"Midfielder",32,16,1481,2,2,0,6.70375,9,0,1.125,0.90625,0.4375,0.375,0.15625,0.46875,15.8125,84.1897233201581,0.71875,0.1875,0.40625,0.3125,0.0625,0
"02-Jul","France","Tanguy Ndombele","in","Amiens","France","Lyon","France",10,61,68,2018,2,7,321389,"Tanguy Ndombele","Lyon",22,"Midfielder",34,3,2693,1,3,0,6.98911764705882,1,7,0.911764705882353,1.38235294117647,1.88235294117647,2.11764705882353,0,1.47058823529412,57.6764705882353,89.0872004079551,1.94117647058824,0.882352941176471,1.23529411764706,0.294117647058824,0.264705882352941,0
"21-Aug","Belgique","Jason Denayer","in","Manchester City","England","Lyon","France",6.5,13,68,2018,21,8,243511,"Jason Denayer","Lyon",24,"Defender",31,0,2748,0,2,0,6.75161290322581,2,0,0.483870967741935,0.161290322580645,0.354838709677419,0.290322580645161,0,0.161290322580645,63.5161290322581,93.8039614017268,1.06451612903226,0.838709677419355,0.419354838709677,3.83870967741935,1.03225806451613,0
"19-Jun","France","Willem Geubbels","in","Lyon","France","Monaco","France",20,68,70,2018,19,6,345987,"Willem Geubbels","Monaco",18,"Forward",1,1,7,0,0,0,6,0,0,0,0,0,0,0,1,3,33.3333333333333,0,0,0,0,0,0
"24-Jul","Côte d'Ivoire","J.-E. Aholou","in","Strasbourg","France","Monaco","France",14,79,70,2018,24,7,139111,"Jean Eudes Aholou","Monaco",25,"Midfielder",17,5,1076,0,2,0,6.53117647058824,0,1,0.764705882352941,0.470588235294118,0.588235294117647,1,0,0.529411764705882,31.8823529411765,84.8708487084871,1.17647058823529,1,1.52941176470588,0.705882352941177,0,0
"24-Jul","Algérie","Andy Delort","in","Toulouse FC","France","Montpellier","France",5,80,71,2018,24,7,79976,"Andy Delort","Montpellier",28,"Forward",36,0,3132,3,4,0,7.27333333333333,14,7,3.30555555555556,1.58333333333333,1.5,1.47222222222222,0.694444444444444,1.77777777777778,29.25,63.9126305792973,0.944444444444444,0.111111111111111,2.58333333333333,0.166666666666667,0.194444444444444,0
"13-Aug","France","Myziane Maolida","in","Lyon","France","Nice","France",10,68,73,2018,13,8,336074,"Myziane Maolida","Nice",20,"Forward",14,4,956,0,2,0,6.54357142857143,0,3,1.28571428571429,1.35714285714286,1.35714285714286,0.5,0.214285714285714,1.92857142857143,24.6428571428571,81.7391304347826,0.857142857142857,0.0714285714285714,0.357142857142857,0.357142857142857,0,0
"17-Jul","France","Kylian Mbappé","in","Monaco","France","Paris S-G","France",180,70,75,2018,17,7,300713,"Kylian Mbappé","Paris Saint-Germain",20,"Forward",29,5,2344,9,5,1,7.99862068965517,33,7,4.31034482758621,1.62068965517241,2.24137931034483,1.51724137931034,1.03448275862069,1.51724137931034,26.8965517241379,79.3589743589744,0.275862068965517,0.172413793103448,0.655172413793103,0.0689655172413793,0,0
"16-Aug","Allemagne","Thilo Kehrer","in","Schalke 04","Germany","Paris S-G","France",37,95,75,2018,16,8,255167,"Thilo Kehrer","Paris Saint-Germain",23,"Defender",27,8,1896,1,4,0,6.98481481481482,1,2,0.518518518518518,0.222222222222222,0.148148148148148,0.666666666666667,0,0.259259259259259,49.5185185185185,92.7449513836948,2.37037037037037,1.14814814814815,0.962962962962963,2.2962962962963,0.666666666666667,0
"31-Aug","Espagne","Juan Bernat","in","Bayern Munich","Germany","Paris S-G","France",5,83,75,2018,31,8,106894,"Juan Bernat","Paris Saint-Germain",26,"Defender",25,4,1838,0,6,1,6.8448,1,2,0.2,0.8,0.72,0.8,0.24,0.88,41.56,90.7603464870067,1.88,0.8,1.32,1.16,0.2,0
"12-Jun","France","J.  Siebatcheu","in","Reims","France","Rennes","France",12,76,77,2018,12,6,260812,"Jordan Siebatcheu","Rennes",23,"Forward",15,8,608,1,0,0,6.49933333333333,3,1,1.33333333333333,0.2,0.0666666666666667,0.466666666666667,0.133333333333333,0.733333333333333,6.06666666666667,74.7252747252747,0.4,0.266666666666667,0.866666666666667,0.333333333333333,0.133333333333333,0
"21-Jun","France","Del Castillo","in","Lyon","France","Rennes","France",2,68,77,2018,21,6,300291,"Romain Del Castillo","Rennes",23,"Midfielder",29,14,1339,1,1,0,6.51862068965517,0,3,0.689655172413793,0.827586206896552,1.24137931034483,0.724137931034483,0.103448275862069,0.896551724137931,16.6551724137931,74.5341614906832,1.24137931034483,0.689655172413793,1.06896551724138,0.241379310344828,0,0
"24-Jul","France","C.  Grenier","in","Guingamp","France","Rennes","France",4,66,77,2018,24,7,79562,"Clément Grenier","Rennes",28,"Midfielder",33,4,2668,0,6,0,6.82818181818182,2,5,1.48484848484848,1.6969696969697,0.696969696969697,0.757575757575758,0,0.848484848484849,51.1818181818182,82.2380106571936,1.33333333333333,0.878787878787879,1.03030303030303,1.03030303030303,0.121212121212121,0
"30-Aug","Sénégal","Mbaye Niang","in","Torino","Italy","Rennes","France",15,59,77,2018,30,8,58761,"M'Baye Niang","Rennes",24,"Forward",29,10,1794,1,5,0,6.88103448275862,11,4,2.20689655172414,0.379310344827586,0.620689655172414,1.58620689655172,0.379310344827586,1.17241379310345,13.4827586206897,72.6342710997442,0.551724137931034,0.275862068965517,1.51724137931034,0.448275862068966,0.103448275862069,0
"16-Aug","France","Rémy Cabella","in","Marseille","France","Saint-Etienne","France",5,69,78,2018,16,8,85693,"Rémy Cabella","Saint-Etienne",29,"Midfielder",34,0,3000,4,4,1,7.13411764705882,8,4,2.41176470588235,1.73529411764706,1.64705882352941,1.97058823529412,0.117647058823529,2.05882352941176,58.0882352941176,86.4810126582279,2.58823529411765,0.558823529411765,1,0.0882352941176471,0.0294117647058824,0
"26-Jul","Belgique","Matz Sels","in","Newcastle United","England","Strasbourg","France",4,15,79,2018,26,7,78386,"Matz Sels","Strasbourg",27,"Goalkeeper",37,0,3330,0,2,0,6.70648648648649,0,0,0,0,0,0.162162162162162,0,0,25.8108108108108,57.2774869109948,0,0.027027027027027,0.027027027027027,1.10810810810811,0,0
"28-Jun","France","Baptiste Reynet","in","Dijon","France","Toulouse FC","France",4,65,80,2018,28,6,105028,"Baptiste Reynet","Toulouse",29,"Goalkeeper",31,0,2705,3,0,1,6.60612903225807,0,0,0,0.129032258064516,0.0967741935483871,0.258064516129032,0,0.032258064516129,31.0645161290323,61.5784008307373,0,0.032258064516129,0.032258064516129,0.838709677419355,0,1
"01-Jul","Côte d'Ivoire","M.-A. Gradel","in","Bournemouth","England","Toulouse FC","France",2,2,80,2018,1,7,29814,"Max-Alain Gradel","Toulouse",31,"Forward",36,0,3240,3,6,0,7.14194444444444,11,5,3.33333333333333,1.47222222222222,2.44444444444444,2.61111111111111,0.472222222222222,2.83333333333333,31.2222222222222,74.1992882562278,1.61111111111111,0.5,1.97222222222222,0.694444444444444,0.25,0
"01-Jul","RD Congo","Firmin Mubele","in","Rennes","France","Toulouse FC","France",5,77,80,2018,1,7,139586,"Firmin Ndombe Mubele","Toulouse",25,"Forward",15,11,460,0,0,0,6.196,1,0,0.8,0.2,0.466666666666667,0.866666666666667,0.133333333333333,0.933333333333333,5.33333333333333,82.5,0.6,0.133333333333333,0.4,0.133333333333333,0,0
"07-Jun","Danemark","Thomas Delaney","in","Werder Bremen","Germany","Dortmund","Germany",20,97,84,2018,7,6,73744,"Thomas Delaney","Borussia Dortmund",28,"Midfielder",30,3,2290,4,7,0,7.12633333333333,3,5,1.1,0.5,0.333333333333333,0.833333333333333,0.0666666666666667,0.466666666666667,53.6333333333333,85.5189558732132,2.3,1.93333333333333,1.5,1.43333333333333,0.3,0
"26-Jun","France","Abdou Diallo","in","Mainz","Germany","Dortmund","Germany",28,92,84,2018,26,6,248112,"Abdou Diallo","Borussia Dortmund",23,"Defender",28,1,2381,1,1,1,6.88321428571429,1,1,0.357142857142857,0.392857142857143,1.42857142857143,0.428571428571429,0.0357142857142857,0.571428571428571,64.8928571428571,88.9928453494772,1.28571428571429,0.928571428571429,0.75,3.07142857142857,0.535714285714286,0
"01-Jul","Allemagne","Marius Wolf","in","E Francfort","Germany","Dortmund","Germany",5,87,84,2018,1,7,312666,"Marius Wolf","Borussia Dortmund",24,"Midfielder",16,6,831,0,1,1,6.483125,1,0,0.4375,0.4375,0.6875,0.8125,0.125,0.875,35.0625,84.4919786096257,0.875,0.8125,0.8125,0.75,0,0
"28-Aug","Espagne","Paco Alcácer","in","FC Barcelona","Spain","Dortmund","Germany",23,28,84,2018,28,8,95953,"Paco Alcácer","Borussia Dortmund",26,"Forward",26,15,1205,2,0,0,6.92615384615385,18,0,2,0.576923076923077,0.230769230769231,0.269230769230769,0.346153846153846,0.5,10.8461538461538,75.177304964539,0.115384615384615,0.230769230769231,0.192307692307692,0.269230769230769,0,0
"13-Jul","France","Alassane Pléa","in","Nice","France","M'gladbach","Germany",25,73,85,2018,13,7,108585,"Alassane Pléa","Borussia M.Gladbach",26,"Forward",34,6,2509,1,2,0,6.76823529411765,12,4,2.44117647058824,0.970588235294118,0.676470588235294,0.941176470588235,0.588235294117647,1.58823529411765,18.0882352941176,72.0325203252033,0.411764705882353,0.0882352941176471,1.02941176470588,0.441176470588235,0.0588235294117647,0
"01-Jul","Allemagne","Jerôme Gondorf","in","Werder Bremen","Germany","Freiburg","Germany",1.3,97,88,2018,1,7,133505,"Jérôme Gondorf","Freiburg",31,"Midfielder",25,12,1296,0,3,0,6.5688,2,2,0.92,0.8,0.24,1,0.08,0.68,18.44,72.885032537961,1.32,0.76,1.16,0.84,0.2,0
"01-Jul","Japon","Genki Haraguchi","in","Düsseldorf","Germany","Hannover 96","Germany",4.5,86,89,2018,1,7,238698,"Genki Haraguchi","Hannover 96",28,"Midfielder",28,6,2127,0,1,0,6.69785714285714,0,3,1.14285714285714,0.964285714285714,1.64285714285714,1.25,0.0357142857142857,1.03571428571429,26.25,78.0952380952381,1.57142857142857,0.75,1.14285714285714,0.892857142857143,0.178571428571429,0
"28-Jun","France","J.-P. Mateta","in","Lyon","France","Mainz","Germany",10,68,92,2018,28,6,328096,"Jean-Philippe Mateta","Mainz 05",22,"Forward",34,5,2495,3,2,0,6.93058823529412,14,2,2.85294117647059,0.882352941176471,1,0.911764705882353,1.05882352941176,1.76470588235294,13.1764705882353,71.2053571428571,0.382352941176471,0.0882352941176471,0.941176470588235,0.647058823529412,0.0588235294117647,0
"05-Aug","Espagne","Aarón Martín","in","Espanyol","Spain","Mainz","Germany",10,27,92,2018,5,8,323546,"Aarón Martín","Mainz 05",22,"Defender",33,1,2879,3,3,0,6.97515151515152,0,3,0.545454545454545,1.90909090909091,1.36363636363636,0.848484848484849,0.181818181818182,0.696969696969697,36.2121212121212,81.9246861924686,1.66666666666667,1.15151515151515,0.878787878787879,1.78787878787879,0.333333333333333,0
"01-Jul","France","Nordi Mukiele","in","Montpellier","France","RB Leipzig","Germany",16,71,94,2018,1,7,299077,"Nordi Mukiele","RasenBallsport Leipzig",21,"Defender",19,5,1227,0,3,0,6.99315789473684,1,1,0.421052631578947,0.578947368421053,0.947368421052632,1.10526315789474,0,0.736842105263158,30.5263157894737,72.7586206896552,2,1.26315789473684,1,1.84210526315789,0.157894736842105,0
"01-Jul","Sénégal","Salif Sané","in","Hannover 96","Germany","Schalke 04","Germany",8,89,95,2018,1,7,94912,"Salif Sané","Schalke 04",29,"Defender",30,1,2613,1,4,0,7.062,2,0,0.633333333333333,0.2,0.466666666666667,1.1,0.0333333333333333,0.2,51.0666666666667,83.1592689295039,1.8,2.26666666666667,0.9,4.76666666666667,0.966666666666667,0
"01-Jul","Allemagne","Suat Serdar","in","Mainz","Germany","Schalke 04","Germany",11,92,95,2018,1,7,296119,"Suat Serdar","Schalke 04",22,"Midfielder",26,6,1737,1,3,2,6.57692307692308,2,1,1.15384615384615,0.576923076923077,1.42307692307692,1.07692307692308,0.0769230769230769,1.42307692307692,16.8076923076923,71.6247139588101,1.96153846153846,0.884615384615385,1.5,0.153846153846154,0.230769230769231,0
"17-Aug","Maroc","Hamza Mendyl","in","Lille","France","Schalke 04","Germany",6,67,95,2018,17,8,322494,"Hamza Mendyl","Schalke 04",22,"Defender",9,2,545,0,5,0,6.40666666666667,0,0,0.333333333333333,0,0.777777777777778,0.666666666666667,0,0.333333333333333,21.8888888888889,72.5888324873096,1.88888888888889,0.888888888888889,1.22222222222222,0.666666666666667,0.222222222222222,0
"28-Aug","Allemagne","Sebastian Rudy","in","Bayern Munich","Germany","Schalke 04","Germany",16,83,95,2018,28,8,38649,"Sebastian Rudy","Schalke 04",29,"Midfielder",21,4,1360,0,4,0,6.42428571428571,0,0,0.238095238095238,0.619047619047619,0.333333333333333,0.80952380952381,0,0.523809523809524,30.5714285714286,80.5295950155763,2.0952380952381,0.714285714285714,1.38095238095238,0.619047619047619,0.0952380952380952,0
"29-Jun","Allemagne","Gonzalo Castro","in","Dortmund","Germany","Stuttgart","Germany",5,84,96,2018,29,6,13423,"Gonzalo Castro","VfB Stuttgart",32,"Midfielder",25,6,1694,0,4,0,6.5452,2,4,0.52,1.16,0.24,0.6,0,0.84,32.04,77.0287141073658,2,1.16,1.2,0.8,0.2,0
"01-Jul","Espagne","Pablo Maffeo","in","Manchester City","England","Stuttgart","Germany",10,13,96,2018,1,7,294848,"Pablo Maffeo","VfB Stuttgart",22,"Defender",8,0,602,0,1,0,6.5325,0,0,0.5,0.5,1.25,1.5,0,2.25,26.5,76.4150943396226,1.75,1.625,0.5,1,0.5,0
"01-Jul","Autriche","Martin Harnik","in","Hannover 96","Germany","Werder Bremen","Germany",2,89,97,2018,1,7,19787,"Martin Harnik","Werder Bremen",32,"Forward",18,8,829,0,2,0,6.58222222222222,4,2,1.55555555555556,0.722222222222222,0.333333333333333,0.333333333333333,0.444444444444444,0.5,14.2777777777778,63.0350194552529,0.666666666666667,0.166666666666667,0.888888888888889,0.444444444444444,0,0
"27-Jul","Pays-Bas","Davy Klaassen","in","Everton","England","Werder Bremen","Germany",13.5,8,97,2018,27,7,108860,"Davy Klaassen","Werder Bremen",26,"Midfielder",33,0,2823,2,5,0,6.88939393939394,5,4,0.96969696969697,1.18181818181818,0.515151515151515,0.727272727272727,0.0303030303030303,0.545454545454545,36,74.4949494949495,1.93939393939394,1.42424242424242,1.42424242424242,1.24242424242424,0.272727272727273,0
"31-Aug","Turquie","Nuri Sahin","in","Dortmund","Germany","Werder Bremen","Germany",1,84,97,2018,31,8,14176,"Nuri Sahin","Werder Bremen",31,"Midfielder",20,1,1487,1,5,0,6.91,1,1,0.6,0.75,0.45,0.45,0,0.65,54.15,86.3342566943675,3,1.85,1.4,1.95,0.15,0
"29-Jun","Allemagne","Daniel Ginczek","in","Stuttgart","Germany","Wolfsburg","Germany",10,96,98,2018,29,6,80388,"Daniel Ginczek","Wolfsburg",28,"Forward",24,12,1275,3,4,0,6.67833333333333,6,2,1.45833333333333,0.541666666666667,0.583333333333333,0.583333333333333,0.166666666666667,1.04166666666667,13.9166666666667,58.6826347305389,0.375,0.125,0.583333333333333,0.791666666666667,0.0833333333333333,0
"06-Aug","France","J.  Roussillon","in","Montpellier","France","Wolfsburg","Germany",8,71,98,2018,6,8,97145,"Jérôme Roussillon","Wolfsburg",26,"Defender",28,0,2466,3,4,0,7.02571428571428,3,4,0.714285714285714,1.07142857142857,1.75,1.42857142857143,0,1.25,36.6071428571429,77.2682926829268,1.5,1.10714285714286,0.714285714285714,1.46428571428571,0.25,0
"28-Aug","Pays-Bas","Kevin Strootman","in","AS Roma","Italy","Marseille","France",25,42,69,2018,28,8,35954,"Kevin Strootman","Marseille",29,"Midfielder",28,7,1941,0,7,0,6.755,1,5,0.571428571428571,0.892857142857143,0.357142857142857,0.321428571428571,0.0714285714285714,0.607142857142857,40.8214285714286,82.3272090988626,2.71428571428571,0.857142857142857,1.25,0.928571428571429,0.214285714285714,0
"30-Aug","Argentine","Pablo de Blasis","in","Mainz","Germany","Eibar","Spain",2,92,26,2018,30,8,41395,"Pablo De Blasis","Eibar",31,"Midfielder",24,8,1517,1,3,1,6.45166666666667,2,0,0.5,0.916666666666667,0.333333333333333,0.458333333333333,0,0.666666666666667,26.7083333333333,70.3588143525741,1.33333333333333,0.541666666666667,0.75,0.791666666666667,0,0
"17-Aug","Côte d'Ivoire","Koffi Djidji","in","Nantes","France","Torino","Italy",4.5,72,59,2018,17,8,109835,"Koffi Djidji","Torino",26,"Defender",17,1,1388,1,2,0,6.87411764705882,0,0,0.117647058823529,0,0.882352941176471,0.176470588235294,0,0.411764705882353,34.7647058823529,82.9103214890017,2.17647058823529,1.41176470588235,0.764705882352941,3.58823529411765,1.11764705882353,0
"01-Jul","Italie","Vincenzo Grifo","in","M'gladbach","Germany","Hoffenheim","Germany",5.5,85,91,2018,1,7,121192,"Vincenzo Grifo","Freiburg",26,"Midfielder",16,0,1431,1,1,0,7.246875,6,3,2.625,2.1875,1.875,1.0625,0.5625,1.5625,43.3125,79.2207792207792,1.625,0.125,0.5,0.5625,0.0625,0
"16-Aug","France","Gaëtan Laborde","in","Bordeaux","France","Montpellier","France",5,63,71,2018,16,8,140051,"Gaetan Laborde","Montpellier",25,"Forward",36,1,2916,3,1,1,7.03916666666666,11,4,2.38888888888889,1.02777777777778,1.19444444444444,1,0.194444444444444,1.66666666666667,24.1111111111111,67.3963133640553,1,0.166666666666667,0.944444444444444,0.722222222222222,0.0555555555555556,0
"10-Jul","Italie","Antonio Barreca","in","Torino","Italy","Monaco","France",12,59,70,2018,10,7,143524,"Antonio Barreca","Monaco",24,"Defender",7,0,596,0,0,0,6.64,0,1,0.714285714285714,0.714285714285714,0.285714285714286,1,0,0.857142857142857,24,75,1.57142857142857,1,1,2.42857142857143,0.285714285714286,0
"28-Aug","France","G.  Fofana","in","Amiens","France","Guingamp","France",1,61,66,2018,28,8,256056,"Guessouma Fofana","Guingamp",26,"Midfielder",10,6,475,0,2,0,6.167,0,0,0.6,0.1,0.1,0.5,0,0.7,12.4,76.6129032258064,1.4,0.6,1.2,0.8,0,0
"28-Aug","Allemagne","B.  Henrichs","in","Bayer Leverkusen","Germany","Monaco","France",20,82,70,2018,28,8,296769,"Benjamin Henrichs","Monaco",22,"Defender",22,1,1827,0,3,0,6.75318181818182,1,2,0.454545454545455,1.04545454545455,0.590909090909091,1.90909090909091,0.181818181818182,0.5,38.2727272727273,73.9904988123515,2.63636363636364,1.59090909090909,1.59090909090909,1.81818181818182,0,0
"31-Aug","Argentine","G.  Lo Celso","in","Paris S-G","France","Real Betis","Spain",25,75,24,2018,31,8,303908,"Giovani Lo Celso","Real Betis",23,"Midfielder",32,5,2401,4,5,0,7.058125,9,4,2,0.84375,1.96875,2.09375,0.03125,1.6875,44.5,82.935393258427,1.625,0.53125,1.125,0.25,0.03125,0
"29-Aug","République Dominicaine","Mariano","in","Lyon","France","Real Madrid","Spain",21.5,68,37,2018,29,8,323236,"Mariano","Real Madrid",26,"Forward",13,10,441,0,2,0,6.36076923076923,3,0,1.76923076923077,0.384615384615385,0.0769230769230769,0.307692307692308,1.07692307692308,0.307692307692308,7.07692307692308,75,0.153846153846154,0,0.384615384615385,0.153846153846154,0,0
"05-Jul","Espagne","Rubén Sobrino","in","Manchester City","England","Alavés","Spain",2,13,21,2018,5,7,323250,"Rubén Sobrino","Deportivo Alaves",27,"Forward",20,10,964,2,2,0,6.4765,3,1,1,0.45,0.8,0.65,0.2,0.85,11.7,68.3760683760684,0.8,0.1,1.4,0.5,0.05,0
"30-Aug","Afrique du Sud","Lebo Mothiba","in","Lille","France","Strasbourg","France",4,67,79,2018,30,8,329620,"Lebo Mothiba","Strasbourg",23,"Forward",32,14,1769,1,3,0,6.549375,9,2,1.09375,0.46875,0.40625,0.8125,0.28125,1.0625,13.34375,78.4543325526932,0.3125,0,1.53125,0.1875,0.03125,0
